person_a,person_b,relation,source
Dimitris John Bertsimas,Daniel J. Kleitman,advisor,mgp:37057
Dimitris John Bertsimas,Amedeo Rodolfo Odoni,advisor,mgp:37057
Dimitris John Bertsimas,"Aghassi, Michele",student,mgp:37057
Dimitris John Bertsimas,"Bandi, Chaitanya",student,mgp:37057
Dimitris John Bertsimas,"Bandi, Hari",student,mgp:37057
Dimitris John Bertsimas,"Becker, Adrian",student,mgp:37057
Dimitris John Bertsimas,"Bjarnadottir, Margret",student,mgp:37057
Dimitris John Bertsimas,"Boucher, Benjamin",student,mgp:37057
Dimitris John Bertsimas,"Boussioux, Leonard",student,mgp:37057
Dimitris John Bertsimas,"Brown, David",student,mgp:37057
Dimitris John Bertsimas,"Bushueva, Natasha",student,mgp:37057
Dimitris John Bertsimas,"Caramanis, Constantine",student,mgp:37057
Dimitris John Bertsimas,"Chang, Allison",student,mgp:37057
Dimitris John Bertsimas,"Chi, Zhihang",student,mgp:37057
Dimitris John Bertsimas,"Chryssikou, Efthalia",student,mgp:37057
Dimitris John Bertsimas,"Copenhaver, Martin",student,mgp:37057
Dimitris John Bertsimas,"Cory-Wright, Ryan",student,mgp:37057
Dimitris John Bertsimas,"Czerwinski, David",student,mgp:37057
Dimitris John Bertsimas,"de Boer, Sanne",student,mgp:37057
Dimitris John Bertsimas,"Delarue, Arthur",student,mgp:37057
Dimitris John Bertsimas,"Demir, Ramazan",student,mgp:37057
Dimitris John Bertsimas,"de Moor, Danique",student,mgp:37057
Dimitris John Bertsimas,"de Ruiter, Frans",student,mgp:37057
Dimitris John Bertsimas,"Digalakis, Vassilis",student,mgp:37057
Dimitris John Bertsimas,"Doan, Xuan Vinh",student,mgp:37057
Dimitris John Bertsimas,"Dunn, Jack",student,mgp:37057
Dimitris John Bertsimas,"Dunning, Iain",student,mgp:37057
Dimitris John Bertsimas,"Fertis, Apostolos",student,mgp:37057
Dimitris John Bertsimas,"Fontana, Matthew",student,mgp:37057
Dimitris John Bertsimas,"Frankovich, Michael",student,mgp:37057
Dimitris John Bertsimas,"Gamarnik, David",student,mgp:37057
Dimitris John Bertsimas,"Goemans, Michel",student,mgp:37057
Dimitris John Bertsimas,"Gupta, Shubham",student,mgp:37057
Dimitris John Bertsimas,"Gupta, Vishal",student,mgp:37057
Dimitris John Bertsimas,"Gurnee, Wes",student,mgp:37057
Dimitris John Bertsimas,"Hawkins, Jeffrey",student,mgp:37057
Dimitris John Bertsimas,"Hsu, Leon",student,mgp:37057
Dimitris John Bertsimas,"Iancu, Dan",student,mgp:37057
Dimitris John Bertsimas,"Johnson, Nicholas",student,mgp:37057
Dimitris John Bertsimas,"Kallus, Nathan",student,mgp:37057
Dimitris John Bertsimas,"Katz-Rogozhnikov, Dmitriy",student,mgp:37057
Dimitris John Bertsimas,"Kim, Adam Cheol Woo",student,mgp:37057
Dimitris John Bertsimas,"King, Angie",student,mgp:37057
Dimitris John Bertsimas,"Kitane, Driss",student,mgp:37057
Dimitris John Bertsimas,"Koduri, Nihal",student,mgp:37057
Dimitris John Bertsimas,"Korolko, Nikita",student,mgp:37057
Dimitris John Bertsimas,"Koukouvinos, Theodoros",student,mgp:37057
Dimitris John Bertsimas,"Koulouras, Angelos",student,mgp:37057
Dimitris John Bertsimas,"Kung, Jerry",student,mgp:37057
Dimitris John Bertsimas,"Li, Michael",student,mgp:37057
Dimitris John Bertsimas,"Lin, Zhen",student,mgp:37057
Dimitris John Bertsimas,"Luo, Andrew",student,mgp:37057
Dimitris John Bertsimas,"Ma, Yu",student,mgp:37057
Dimitris John Bertsimas,"Martin, Sebastien",student,mgp:37057
Dimitris John Bertsimas,"McCord, Chris (Christopher)",student,mgp:37057
Dimitris John Bertsimas,"Mersereau, Adam",student,mgp:37057
Dimitris John Bertsimas,"Milner, Joseph",student,mgp:37057
Dimitris John Bertsimas,"Misic, Velibor",student,mgp:37057
Dimitris John Bertsimas,"Mourtzinou, Georgia",student,mgp:37057
Dimitris John Bertsimas,"Mundru, Nishanth",student,mgp:37057
Dimitris John Bertsimas,"Na, Liangyuan",student,mgp:37057
Dimitris John Bertsimas,"Nakazato, Daisuke",student,mgp:37057
Dimitris John Bertsimas,"Natarajan, Karthik",student,mgp:37057
Dimitris John Bertsimas,"Ng, Yee Sian",student,mgp:37057
Dimitris John Bertsimas,"Niño-Mora, José",student,mgp:37057
Dimitris John Bertsimas,"Norton, Carolyn",student,mgp:37057
Dimitris John Bertsimas,"O'Hair, Allison",student,mgp:37057
Dimitris John Bertsimas,"Orfanoudaki, Agni",student,mgp:37057
Dimitris John Bertsimas,"Ozturk, Berk",student,mgp:37057
Dimitris John Bertsimas,"Pachamanova, Dessislava",student,mgp:37057
Dimitris John Bertsimas,"Papalexopoulos, Theodore",student,mgp:37057
Dimitris John Bertsimas,"Paschalidis, Ioannis",student,mgp:37057
Dimitris John Bertsimas,"Paskov, Alexander",student,mgp:37057
Dimitris John Bertsimas,"Paskov, Ivan",student,mgp:37057
Dimitris John Bertsimas,"Patterson, Sarah",student,mgp:37057
Dimitris John Bertsimas,"Pauphilet, Jean",student,mgp:37057
Dimitris John Bertsimas,"Pawlowski, Colin",student,mgp:37057
Dimitris John Bertsimas,"Peterson, Michael",student,mgp:37057
Dimitris John Bertsimas,"Petrides, Pericles",student,mgp:37057
Dimitris John Bertsimas,"Popescu, Ioana",student,mgp:37057
Dimitris John Bertsimas,"Ricard, Michael",student,mgp:37057
Dimitris John Bertsimas,"Rikun, Alexander",student,mgp:37057
Dimitris John Bertsimas,"Rossi, Baptiste",student,mgp:37057
Dimitris John Bertsimas,"Sethuraman, Jayachandran",student,mgp:37057
Dimitris John Bertsimas,"Shah, Premal",student,mgp:37057
Dimitris John Bertsimas,"Shioda, Romy",student,mgp:37057
Dimitris John Bertsimas,"Silberholz, John",student,mgp:37057
Dimitris John Bertsimas,"Sim, Melvyn",student,mgp:37057
Dimitris John Bertsimas,"Sobiesk, Matthew",student,mgp:37057
Dimitris John Bertsimas,"Sturt, Bradley",student,mgp:37057
Dimitris John Bertsimas,"Sujichantararat, Suleeporn",student,mgp:37057
Dimitris John Bertsimas,"Sun, Andy",student,mgp:37057
Dimitris John Bertsimas,"Tay, Joel",student,mgp:37057
Dimitris John Bertsimas,"Teo, Chung-Piaw",student,mgp:37057
Dimitris John Bertsimas,"Teo, Kwong Meng",student,mgp:37057
Dimitris John Bertsimas,"Thiele, Aurelie",student,mgp:37057
Dimitris John Bertsimas,"Trichakis, Nikolaos",student,mgp:37057
Dimitris John Bertsimas,"Van Ryzin, Garrett",student,mgp:37057
Dimitris John Bertsimas,"Villalobos Carballo, Kimberly",student,mgp:37057
Dimitris John Bertsimas,"Vranas, Peter",student,mgp:37057
Dimitris John Bertsimas,"Wang, Yuchen",student,mgp:37057
Dimitris John Bertsimas,"Weinstein, Alexander",student,mgp:37057
Dimitris John Bertsimas,"Wiberg, Holly",student,mgp:37057
Dimitris John Bertsimas,"Xu, Haiping",student,mgp:37057
Dimitris John Bertsimas,"Yan, Julia",student,mgp:37057
Dimitris John Bertsimas,"Youssef, Nataly",student,mgp:37057
Dimitris John Bertsimas,"Zeng, Cynthia",student,mgp:37057
Dimitris John Bertsimas,"Zhuo, Ying",student,mgp:37057
Melvyn  Sim,Dimitris John Bertsimas,advisor,mgp:85159
Melvyn  Sim,"Chen, Li",student,mgp:85159
Melvyn  Sim,"Chen, Wenqing",student,mgp:85159
Melvyn  Sim,"Chen, Zhi",student,mgp:85159
Melvyn  Sim,"Lam, Sean",student,mgp:85159
Melvyn  Sim,"Loke, Gar Goei",student,mgp:85159
Melvyn  Sim,"Long, Daniel Zhuoyu",student,mgp:85159
Melvyn  Sim,"Qi, Jin",student,mgp:85159
Melvyn  Sim,"Ramachandra, Arjun",student,mgp:85159
Melvyn  Sim,"See, Chuen-Teck",student,mgp:85159
Melvyn  Sim,"Tang, Qinshen",student,mgp:85159
Melvyn  Sim,"Wang, Chen",student,mgp:85159
Melvyn  Sim,"Zhang, Meilin",student,mgp:85159
Melvyn  Sim,"Zhang, Yu",student,mgp:85159
Melvyn  Sim,"Zhen, Jianzhe",student,mgp:85159
Melvyn  Sim,"Zhou, Minglong",student,mgp:85159
Melvyn  Sim,"Zhu, Taozeng",student,mgp:85159
